{"0.5363083343221844":{"user_id":2},"0.03968190726315468":{"user_id":2},"0.6427909284203142":{"user_id":2},"0.5242344613954724":{"user_id":2},"0.2937526940274522":{"user_id":2}}